timestamp,object,alert,confidence,coords
2025-09-03 21:26:15,person,Caution,0.90,"[172.8926544189453, 152.0769805908203, 437.85223388671875, 357.6045227050781]"
2025-09-03 21:26:15,vase,Info,0.45,"[421.4398498535156, 267.99896240234375, 489.75018310546875, 352.64251708984375]"
2025-09-03 21:26:15,person,Caution,0.89,"[173.25914001464844, 152.3822784423828, 438.88226318359375, 358.03875732421875]"
2025-09-03 21:26:15,vase,Info,0.45,"[422.2380676269531, 269.7783508300781, 489.607177734375, 357.16461181640625]"
2025-09-03 21:26:15,person,Caution,0.89,"[174.05718994140625, 152.90386962890625, 439.551025390625, 357.6236877441406]"
2025-09-03 21:26:15,vase,Info,0.38,"[422.10919189453125, 268.4311828613281, 490.29534912109375, 350.5577392578125]"
2025-09-03 21:26:15,potted plant,Info,0.32,"[341.9349670410156, 0.5819233059883118, 491.7806091308594, 352.26727294921875]"
2025-09-03 21:26:15,person,Caution,0.89,"[174.1365509033203, 152.46038818359375, 439.6052551269531, 357.69287109375]"
2025-09-03 21:26:15,potted plant,Info,0.32,"[342.7481384277344, 0.32912036776542664, 494.3223876953125, 353.3712158203125]"
2025-09-03 21:26:15,person,Caution,0.90,"[174.31448364257812, 152.8553009033203, 440.2070617675781, 357.7989196777344]"
2025-09-03 21:26:15,vase,Info,0.37,"[422.0782165527344, 267.42047119140625, 489.80987548828125, 349.3110656738281]"
2025-09-03 21:26:16,person,Caution,0.90,"[173.81878662109375, 152.83709716796875, 439.1955871582031, 357.7072448730469]"
2025-09-03 21:26:16,vase,Info,0.38,"[422.0845642089844, 267.35577392578125, 488.51849365234375, 348.4676513671875]"
2025-09-03 21:26:16,person,Caution,0.89,"[173.83399963378906, 152.73550415039062, 440.6633605957031, 357.7484130859375]"
2025-09-03 21:26:16,vase,Info,0.32,"[421.7514343261719, 267.7912292480469, 489.8614196777344, 353.0169677734375]"
2025-09-03 21:26:16,person,Caution,0.90,"[173.36904907226562, 152.7891082763672, 439.907958984375, 357.76263427734375]"
2025-09-03 21:26:16,vase,Info,0.31,"[422.4063415527344, 267.3836975097656, 489.0526123046875, 355.3859558105469]"
2025-09-03 21:26:16,person,Caution,0.90,"[173.36904907226562, 152.7891082763672, 439.907958984375, 357.76263427734375]"
2025-09-03 21:26:16,vase,Info,0.31,"[422.4063415527344, 267.3836975097656, 489.0526123046875, 355.3859558105469]"
2025-09-03 21:26:16,person,Caution,0.89,"[170.58599853515625, 149.9446563720703, 442.6673889160156, 357.56439208984375]"
2025-09-03 21:26:16,potted plant,Info,0.27,"[342.3468017578125, 0.09246826171875, 490.7743225097656, 352.2707214355469]"
2025-09-03 21:26:16,person,Caution,0.89,"[169.49066162109375, 146.69189453125, 442.5718078613281, 357.6357421875]"
2025-09-03 21:26:16,vase,Info,0.42,"[421.1064453125, 267.0831298828125, 489.1945495605469, 349.4254455566406]"
2025-09-03 21:26:16,potted plant,Info,0.28,"[342.5379333496094, 0.0, 490.2211608886719, 352.0667724609375]"
2025-09-03 21:26:16,person,Caution,0.89,"[164.52487182617188, 139.02069091796875, 444.8243408203125, 357.7000732421875]"
2025-09-03 21:26:16,vase,Info,0.39,"[421.8352966308594, 267.657470703125, 490.19146728515625, 348.85626220703125]"
2025-09-03 21:26:16,person,Caution,0.89,"[152.53123474121094, 127.25761413574219, 447.42889404296875, 356.9481201171875]"
2025-09-03 21:26:16,potted plant,Info,0.37,"[340.4228515625, 0.0, 494.54132080078125, 351.34698486328125]"
2025-09-03 21:26:16,vase,Info,0.33,"[423.4449462890625, 270.71612548828125, 490.0216979980469, 349.7900085449219]"
2025-09-03 21:26:16,person,Caution,0.90,"[137.3214874267578, 111.67161560058594, 453.04473876953125, 356.88623046875]"
2025-09-03 21:26:16,vase,Info,0.35,"[422.0168151855469, 269.9553527832031, 489.7975769042969, 349.7696228027344]"
2025-09-03 21:26:17,person,Caution,0.91,"[120.84585571289062, 89.15512084960938, 463.5514221191406, 356.6599426269531]"
2025-09-03 21:26:17,vase,Info,0.33,"[420.9909362792969, 268.8075866699219, 489.7845153808594, 349.37152099609375]"
2025-09-03 21:26:17,potted plant,Info,0.31,"[340.6125793457031, 0.0, 492.0222473144531, 349.2762756347656]"
2025-09-03 21:26:17,person,Caution,0.91,"[112.15298461914062, 77.2913589477539, 463.9693298339844, 356.2816467285156]"
2025-09-03 21:26:17,vase,Info,0.32,"[421.4171447753906, 267.41033935546875, 489.3515319824219, 348.73455810546875]"
2025-09-03 21:26:17,potted plant,Info,0.28,"[341.78314208984375, 0.0, 492.1728210449219, 348.7757873535156]"
2025-09-03 21:26:17,person,Caution,0.92,"[110.36378479003906, 69.72623443603516, 465.9502868652344, 357.30145263671875]"
2025-09-03 21:26:17,vase,Info,0.38,"[421.3213806152344, 267.3630065917969, 489.43304443359375, 348.16455078125]"
2025-09-03 21:26:17,potted plant,Info,0.26,"[340.7476806640625, 0.0, 493.6057434082031, 348.686767578125]"
2025-09-03 21:26:17,person,Caution,0.92,"[109.3403091430664, 70.06153106689453, 466.8153381347656, 356.907470703125]"
2025-09-03 21:26:17,vase,Info,0.26,"[422.23004150390625, 268.6641845703125, 489.3985900878906, 348.5312194824219]"
2025-09-03 21:26:17,person,Caution,0.91,"[110.0761489868164, 68.98603057861328, 466.7897644042969, 356.87384033203125]"
2025-09-03 21:26:17,vase,Info,0.46,"[421.5632629394531, 267.0654296875, 489.06927490234375, 348.5379638671875]"
2025-09-03 21:26:17,person,Caution,0.91,"[114.14885711669922, 77.20865631103516, 466.5016174316406, 356.7714538574219]"
2025-09-03 21:26:17,vase,Info,0.41,"[422.1349182128906, 267.33966064453125, 488.61065673828125, 348.55126953125]"
2025-09-03 21:26:17,person,Caution,0.92,"[121.27806854248047, 86.1057357788086, 460.56134033203125, 356.6861267089844]"
2025-09-03 21:26:17,potted plant,Info,0.29,"[340.46429443359375, 0.0, 492.1238098144531, 349.19189453125]"
2025-09-03 21:26:17,vase,Info,0.29,"[420.5952453613281, 268.08514404296875, 489.3078918457031, 349.4603271484375]"
2025-09-03 21:26:17,vase,Info,0.27,"[421.0653991699219, 267.143798828125, 489.4189758300781, 348.0641174316406]"
2025-09-03 21:26:17,person,Caution,0.92,"[125.79981231689453, 91.43211364746094, 458.2409362792969, 356.90679931640625]"
2025-09-03 21:26:17,vase,Info,0.45,"[421.16705322265625, 268.0528564453125, 489.41741943359375, 349.1881408691406]"
2025-09-03 21:26:17,person,Caution,0.91,"[134.59017944335938, 102.38289642333984, 454.9723205566406, 356.94580078125]"
2025-09-03 21:26:17,vase,Info,0.43,"[421.7296447753906, 268.756103515625, 489.4512634277344, 347.2515563964844]"
2025-09-03 21:26:17,potted plant,Info,0.30,"[340.4706726074219, 0.0, 491.39520263671875, 349.0484619140625]"
2025-09-03 21:26:18,person,Caution,0.89,"[146.6252899169922, 116.88482666015625, 452.5048522949219, 357.20220947265625]"
2025-09-03 21:26:18,person,Caution,0.89,"[160.3279571533203, 129.3434600830078, 450.5608825683594, 358.1524658203125]"
2025-09-03 21:26:18,vase,Info,0.34,"[422.3810119628906, 267.6495056152344, 489.71612548828125, 351.2488708496094]"
2025-09-03 21:26:18,person,Caution,0.88,"[166.8789825439453, 134.71136474609375, 450.2439270019531, 357.04693603515625]"
2025-09-03 21:26:18,vase,Info,0.37,"[423.0574035644531, 268.10211181640625, 490.34405517578125, 352.55035400390625]"
2025-09-03 21:26:18,person,Caution,0.84,"[169.342041015625, 144.17147827148438, 457.50537109375, 357.1611633300781]"
2025-09-03 21:26:18,vase,Info,0.45,"[422.02374267578125, 266.86346435546875, 490.38031005859375, 354.4089660644531]"
2025-09-03 21:26:18,potted plant,Info,0.36,"[341.6765441894531, 0.0, 490.5590515136719, 351.7381896972656]"
2025-09-03 21:26:18,person,Caution,0.88,"[170.45941162109375, 155.6728973388672, 466.682373046875, 357.07623291015625]"
2025-09-03 21:26:18,person,Caution,0.90,"[178.51177978515625, 170.18783569335938, 492.0234680175781, 357.49298095703125]"
2025-09-03 21:26:18,person,Caution,0.91,"[186.73533630371094, 175.0502471923828, 501.48382568359375, 357.8495178222656]"
2025-09-03 21:26:18,person,Caution,0.91,"[186.73533630371094, 175.0502471923828, 501.48382568359375, 357.8495178222656]"
2025-09-03 21:26:18,person,Caution,0.91,"[187.70574951171875, 168.36048889160156, 503.58380126953125, 357.8130187988281]"
2025-09-03 21:26:19,person,Caution,0.91,"[183.50506591796875, 162.0340118408203, 489.8774719238281, 357.6365966796875]"
2025-09-03 21:26:19,person,Caution,0.87,"[173.83438110351562, 148.73634338378906, 468.4120788574219, 356.7479248046875]"
2025-09-03 21:26:19,vase,Info,0.62,"[422.47906494140625, 266.80255126953125, 488.2096252441406, 354.0614318847656]"
2025-09-03 21:26:19,potted plant,Info,0.28,"[340.3059997558594, 0.2678739130496979, 490.3991394042969, 351.3088073730469]"
2025-09-03 21:26:19,person,Caution,0.89,"[170.15176391601562, 146.02943420410156, 445.2182312011719, 357.36328125]"
2025-09-03 21:26:19,vase,Info,0.45,"[422.4805908203125, 266.6078186035156, 488.8738708496094, 352.4971618652344]"
2025-09-03 21:26:19,potted plant,Info,0.34,"[341.6207275390625, 0.0, 490.2445373535156, 352.1109619140625]"
2025-09-03 21:26:19,person,Caution,0.89,"[166.00564575195312, 151.41134643554688, 426.2359924316406, 357.7196350097656]"
2025-09-03 21:26:19,vase,Info,0.44,"[421.4425048828125, 269.5098571777344, 489.0925598144531, 348.76983642578125]"
2025-09-03 21:26:19,potted plant,Info,0.39,"[340.5823669433594, 0.11526254564523697, 490.5425720214844, 351.1551208496094]"
2025-09-03 21:26:19,person,Caution,0.82,"[159.74609375, 155.38714599609375, 416.9755859375, 358.0582580566406]"
2025-09-03 21:26:19,vase,Info,0.47,"[423.91754150390625, 268.47052001953125, 489.801513671875, 349.1756286621094]"
2025-09-03 21:26:19,person,Caution,0.74,"[162.63201904296875, 162.02304077148438, 471.9062805175781, 357.2918701171875]"
2025-09-03 21:26:19,vase,Info,0.37,"[423.41217041015625, 269.41375732421875, 489.82855224609375, 348.0040283203125]"
2025-09-03 21:26:19,potted plant,Info,0.33,"[341.6636962890625, 1.5067232847213745, 491.499267578125, 347.1432800292969]"
2025-09-03 21:26:19,person,Caution,0.61,"[140.7150115966797, 168.29397583007812, 455.33612060546875, 357.4150695800781]"
2025-09-03 21:26:19,potted plant,Info,0.30,"[340.7668151855469, 1.2637094259262085, 492.43194580078125, 347.5336608886719]"
2025-09-03 21:26:19,person,Caution,0.84,"[130.2223663330078, 174.97413635253906, 472.4704895019531, 358.31951904296875]"
2025-09-03 21:26:20,person,Caution,0.74,"[122.83827209472656, 177.10421752929688, 472.6885070800781, 357.583251953125]"
2025-09-03 21:26:20,vase,Info,0.27,"[425.1028747558594, 270.572021484375, 490.4481506347656, 348.5967102050781]"
2025-09-03 21:26:20,person,Caution,0.82,"[113.9572525024414, 181.57936096191406, 474.2400817871094, 357.3231506347656]"
2025-09-03 21:26:20,potted plant,Info,0.29,"[340.9909973144531, 1.098679780960083, 491.83404541015625, 346.07122802734375]"
2025-09-03 21:26:20,vase,Info,0.27,"[424.7523193359375, 271.73773193359375, 489.9337158203125, 348.0575866699219]"
2025-09-03 21:26:20,person,Caution,0.87,"[100.743408203125, 185.77830505371094, 478.1777038574219, 358.3965148925781]"
2025-09-03 21:26:20,person,Caution,0.88,"[96.9367904663086, 188.80813598632812, 477.3562927246094, 358.85205078125]"
2025-09-03 21:26:20,vase,Info,0.30,"[423.3863525390625, 272.0849609375, 489.0939636230469, 348.4511413574219]"
2025-09-03 21:26:20,person,Caution,0.87,"[86.57804107666016, 191.87490844726562, 477.0363464355469, 358.73779296875]"
2025-09-03 21:26:20,vase,Info,0.26,"[425.8699951171875, 272.0155944824219, 488.9888000488281, 346.8111877441406]"
2025-09-03 21:26:20,person,Caution,0.87,"[74.83858489990234, 195.15380859375, 476.52880859375, 359.0771484375]"
2025-09-03 21:26:20,vase,Info,0.45,"[423.0256652832031, 272.75714111328125, 488.23516845703125, 346.80322265625]"
2025-09-03 21:26:20,person,Info,0.26,"[0.20628710091114044, 291.61859130859375, 20.824026107788086, 357.8528137207031]"
2025-09-03 21:26:20,person,Caution,0.83,"[51.4060173034668, 203.3856201171875, 477.4096374511719, 358.825927734375]"
2025-09-03 21:26:20,person,Caution,0.61,"[40.467952728271484, 209.02903747558594, 475.35369873046875, 359.0329895019531]"
2025-09-03 21:26:20,vase,Info,0.39,"[422.2783203125, 273.310546875, 489.70806884765625, 351.4359436035156]"
2025-09-03 21:26:20,potted plant,Info,0.26,"[341.3534851074219, 1.0674813985824585, 492.7034912109375, 348.89373779296875]"
2025-09-03 21:26:20,person,Info,0.26,"[0.06877605617046356, 292.6907043457031, 20.689651489257812, 357.93914794921875]"
2025-09-03 21:26:20,person,Info,0.25,"[0.050599027425050735, 292.8746643066406, 21.107336044311523, 358.04864501953125]"
2025-09-03 21:26:20,person,Caution,0.61,"[40.467952728271484, 209.02903747558594, 475.35369873046875, 359.0329895019531]"
2025-09-03 21:26:20,vase,Info,0.39,"[422.2783203125, 273.310546875, 489.70806884765625, 351.4359436035156]"
2025-09-03 21:26:20,potted plant,Info,0.26,"[341.3534851074219, 1.0674813985824585, 492.7034912109375, 348.89373779296875]"
2025-09-03 21:26:20,person,Info,0.26,"[0.06877605617046356, 292.6907043457031, 20.689651489257812, 357.93914794921875]"
2025-09-03 21:26:20,person,Info,0.25,"[0.050599027425050735, 292.8746643066406, 21.107336044311523, 358.04864501953125]"
2025-09-03 21:26:21,person,Caution,0.83,"[24.094661712646484, 213.539794921875, 469.63323974609375, 358.00152587890625]"
2025-09-03 21:26:21,vase,Info,0.29,"[422.3937072753906, 270.91265869140625, 489.8260192871094, 351.3180847167969]"
2025-09-03 21:26:21,person,Caution,0.73,"[9.052734375, 218.33970642089844, 467.894775390625, 358.1799011230469]"
2025-09-03 21:26:21,vase,Info,0.48,"[424.130126953125, 272.9314270019531, 489.3872375488281, 353.16253662109375]"
2025-09-03 21:26:21,person,Caution,0.78,"[1.823354959487915, 219.06166076660156, 471.4148254394531, 358.3526306152344]"
2025-09-03 21:26:21,vase,Info,0.32,"[425.4313049316406, 273.8988952636719, 489.5906066894531, 356.9991455078125]"
2025-09-03 21:26:21,person,Caution,0.70,"[0.8067439198493958, 219.23504638671875, 467.7229309082031, 358.44085693359375]"
2025-09-03 21:26:21,vase,Info,0.49,"[424.27044677734375, 274.46722412109375, 490.5772705078125, 356.4345703125]"
2025-09-03 21:26:21,person,Caution,0.83,"[0.11253944039344788, 218.5354461669922, 470.94036865234375, 359.24505615234375]"
2025-09-03 21:26:21,vase,Info,0.31,"[422.1457214355469, 273.14306640625, 490.2514953613281, 352.36553955078125]"
2025-09-03 21:26:21,person,Caution,0.76,"[1.1480712890625, 217.6302947998047, 472.8893737792969, 358.4031066894531]"
2025-09-03 21:26:21,vase,Info,0.30,"[424.7230224609375, 273.41815185546875, 490.12322998046875, 357.30316162109375]"
2025-09-03 21:26:21,person,Caution,0.82,"[1.922044038772583, 218.3196563720703, 470.73834228515625, 359.591064453125]"
2025-09-03 21:26:21,person,Caution,0.81,"[3.593186616897583, 218.3126983642578, 469.9891357421875, 358.4090270996094]"
2025-09-03 21:26:21,vase,Info,0.29,"[423.27679443359375, 271.814208984375, 489.3418273925781, 348.16796875]"
2025-09-03 21:26:22,person,Caution,0.80,"[3.098097801208496, 219.09225463867188, 468.7127990722656, 358.6279602050781]"
2025-09-03 21:26:22,vase,Info,0.29,"[423.33233642578125, 271.0446472167969, 489.3342590332031, 349.8274230957031]"
2025-09-03 21:26:22,person,Caution,0.82,"[4.126634120941162, 218.13975524902344, 468.90789794921875, 358.4606018066406]"
2025-09-03 21:26:22,vase,Info,0.33,"[426.64337158203125, 273.9587097167969, 489.4964294433594, 349.1646423339844]"
2025-09-03 21:26:22,person,Caution,0.79,"[4.410494327545166, 217.82293701171875, 470.2058410644531, 358.2085266113281]"
2025-09-03 21:26:22,vase,Info,0.33,"[423.8685302734375, 274.2298583984375, 488.917724609375, 349.479736328125]"
2025-09-03 21:26:22,person,Caution,0.80,"[5.154512882232666, 217.72686767578125, 468.58001708984375, 358.44952392578125]"
2025-09-03 21:26:22,vase,Info,0.29,"[423.8224182128906, 271.38714599609375, 488.6763916015625, 349.9935302734375]"
2025-09-03 21:26:22,person,Caution,0.75,"[5.684110641479492, 217.67747497558594, 470.35504150390625, 358.09027099609375]"
2025-09-03 21:26:22,vase,Info,0.38,"[423.5164794921875, 270.71368408203125, 489.43231201171875, 348.7622985839844]"
2025-09-03 21:26:22,person,Caution,0.77,"[5.6280517578125, 217.70269775390625, 474.2187805175781, 359.8772277832031]"
2025-09-03 21:26:22,vase,Info,0.37,"[423.13055419921875, 273.05548095703125, 488.8607177734375, 351.2593688964844]"
2025-09-03 21:26:22,person,Caution,0.79,"[4.986713409423828, 217.53053283691406, 469.9407653808594, 358.1459045410156]"
2025-09-03 21:26:22,person,Caution,0.82,"[6.18760347366333, 215.01995849609375, 475.05352783203125, 359.5721130371094]"
2025-09-03 21:26:22,vase,Info,0.35,"[424.8657531738281, 273.8083190917969, 488.55450439453125, 350.2524108886719]"
2025-09-03 21:26:22,person,Caution,0.83,"[8.98625373840332, 214.48153686523438, 471.3452453613281, 358.26995849609375]"
2025-09-03 21:26:22,vase,Info,0.29,"[422.91064453125, 275.53387451171875, 489.8634033203125, 348.5416564941406]"
2025-09-03 21:26:23,person,Caution,0.78,"[14.68205451965332, 208.87193298339844, 475.6648254394531, 358.4952087402344]"
2025-09-03 21:26:23,vase,Info,0.36,"[423.9697570800781, 273.2591552734375, 489.3453369140625, 349.5781555175781]"
2025-09-03 21:26:23,potted plant,Info,0.27,"[342.8675231933594, 1.2445772886276245, 491.364013671875, 347.14337158203125]"
2025-09-03 21:26:23,person,Caution,0.80,"[24.223587036132812, 201.0641326904297, 480.3528137207031, 359.0159912109375]"
2025-09-03 21:26:23,vase,Info,0.26,"[427.48480224609375, 274.290771484375, 490.5848388671875, 349.74169921875]"
2025-09-03 21:26:23,potted plant,Info,0.26,"[342.9085388183594, 1.279484748840332, 491.3306884765625, 347.13116455078125]"
2025-09-03 21:26:23,person,Caution,0.87,"[33.41749954223633, 186.977783203125, 478.2476501464844, 357.1321716308594]"
2025-09-03 21:26:23,person,Caution,0.64,"[46.60405349731445, 176.226806640625, 475.6554870605469, 358.0232238769531]"
2025-09-03 21:26:23,person,Caution,0.36,"[46.68342208862305, 177.38107299804688, 341.4795227050781, 357.9056091308594]"
2025-09-03 21:26:23,person,Caution,0.69,"[51.477333068847656, 164.4293670654297, 477.9254455566406, 360.0]"
2025-09-03 21:26:23,vase,Info,0.26,"[422.888427734375, 273.7554931640625, 489.9949951171875, 350.9120178222656]"
2025-09-03 21:26:23,person,Caution,0.25,"[54.395755767822266, 165.75982666015625, 346.7641296386719, 358.2251892089844]"
2025-09-03 21:26:23,person,Caution,0.70,"[65.2356948852539, 154.76507568359375, 472.8536376953125, 359.37652587890625]"
2025-09-03 21:26:23,person,Caution,0.30,"[67.8517074584961, 155.27635192871094, 352.6756896972656, 356.39044189453125]"
2025-09-03 21:26:23,person,Caution,0.79,"[69.91188049316406, 149.96168518066406, 471.36358642578125, 358.65753173828125]"
2025-09-03 21:26:23,potted plant,Info,0.34,"[341.5724792480469, 0.9734873175621033, 491.55792236328125, 347.4960632324219]"
2025-09-03 21:26:23,vase,Info,0.26,"[422.4773254394531, 273.0846252441406, 489.011474609375, 349.02099609375]"
2025-09-03 21:26:23,person,Caution,0.59,"[73.01007080078125, 142.50469970703125, 468.52154541015625, 358.9233093261719]"
2025-09-03 21:26:23,vase,Info,0.28,"[426.58355712890625, 274.3989562988281, 489.1778259277344, 349.1640319824219]"
2025-09-03 21:26:23,person,Caution,0.62,"[80.80736541748047, 137.76202392578125, 362.0965270996094, 357.6256103515625]"
2025-09-03 21:26:23,person,Caution,0.42,"[70.61383056640625, 136.9677734375, 472.78472900390625, 359.0587463378906]"
2025-09-03 21:26:23,potted plant,Info,0.35,"[344.5364990234375, 0.26752179861068726, 487.0235595703125, 347.87738037109375]"
2025-09-03 21:26:23,vase,Info,0.32,"[422.0848693847656, 273.0938720703125, 487.6238708496094, 348.4544677734375]"
2025-09-03 21:26:24,person,Caution,0.58,"[82.18975830078125, 138.31578063964844, 361.88641357421875, 357.4266357421875]"
2025-09-03 21:26:24,vase,Info,0.41,"[422.1328125, 272.8204345703125, 488.4674377441406, 348.74542236328125]"
2025-09-03 21:26:24,potted plant,Info,0.25,"[342.64996337890625, 0.31341552734375, 488.0269775390625, 347.8132629394531]"
2025-09-03 21:26:24,person,Caution,0.66,"[82.11327362060547, 139.5067901611328, 362.1502380371094, 357.50579833984375]"
2025-09-03 21:26:24,potted plant,Info,0.44,"[344.2902526855469, 0.28118428587913513, 489.5334167480469, 348.95416259765625]"
2025-09-03 21:26:24,vase,Info,0.30,"[422.37860107421875, 272.5823974609375, 488.8541564941406, 350.7061767578125]"
2025-09-03 21:26:24,person,Caution,0.55,"[81.73396301269531, 138.47682189941406, 364.8912658691406, 357.43389892578125]"
2025-09-03 21:26:24,vase,Info,0.35,"[421.9355773925781, 272.0133361816406, 489.9875183105469, 350.5525207519531]"
2025-09-03 21:26:24,potted plant,Info,0.32,"[344.2942810058594, 0.35536548495292664, 490.0003967285156, 349.5667419433594]"
2025-09-03 21:26:24,person,Caution,0.26,"[66.78246307373047, 135.86810302734375, 472.7182922363281, 356.1421203613281]"
2025-09-03 21:26:24,person,Caution,0.69,"[78.11963653564453, 140.08035278320312, 470.4058532714844, 358.9461364746094]"
2025-09-03 21:26:24,potted plant,Info,0.37,"[344.7129211425781, 0.33956676721572876, 490.2994079589844, 349.03387451171875]"
2025-09-03 21:26:24,vase,Info,0.32,"[422.2892150878906, 271.2668151855469, 490.25616455078125, 350.2703552246094]"
2025-09-03 21:26:24,person,Caution,0.63,"[69.39481353759766, 144.2113800048828, 470.3795471191406, 359.046630859375]"
2025-09-03 21:26:24,person,Caution,0.65,"[70.36293029785156, 143.71484375, 470.3800354003906, 359.1921081542969]"
2025-09-03 21:26:24,person,Caution,0.71,"[68.18697357177734, 141.7041015625, 471.10400390625, 359.10797119140625]"
2025-09-03 21:26:24,potted plant,Info,0.32,"[344.41302490234375, 0.712069034576416, 492.6847229003906, 349.3536682128906]"
2025-09-03 21:26:24,vase,Info,0.31,"[424.30694580078125, 271.3283996582031, 491.1391296386719, 350.0628662109375]"
2025-09-03 21:26:25,person,Caution,0.73,"[63.99677276611328, 143.78627014160156, 474.08612060546875, 358.8023376464844]"
2025-09-03 21:26:25,vase,Info,0.33,"[422.0314636230469, 273.8959655761719, 489.2929382324219, 348.9439697265625]"
2025-09-03 21:26:25,potted plant,Info,0.33,"[344.3623352050781, 0.06636399775743484, 489.9898681640625, 348.7098693847656]"
2025-09-03 21:26:25,person,Caution,0.76,"[49.95004653930664, 149.4278106689453, 471.38092041015625, 359.68878173828125]"
2025-09-03 21:26:25,vase,Info,0.35,"[422.5424499511719, 273.6400146484375, 489.4873352050781, 350.32952880859375]"
2025-09-03 21:26:25,potted plant,Info,0.29,"[344.5377502441406, 0.3070068359375, 488.35113525390625, 349.0717468261719]"
2025-09-03 21:26:25,person,Caution,0.52,"[43.50731658935547, 150.95611572265625, 468.73626708984375, 360.0]"
2025-09-03 21:26:25,person,Caution,0.57,"[42.421783447265625, 150.450439453125, 471.0690612792969, 359.73980712890625]"
2025-09-03 21:26:25,vase,Info,0.39,"[422.1142883300781, 271.6645202636719, 488.82806396484375, 349.9161071777344]"
2025-09-03 21:26:25,person,Caution,0.57,"[42.421783447265625, 150.450439453125, 471.0690612792969, 359.73980712890625]"
2025-09-03 21:26:25,vase,Info,0.39,"[422.1142883300781, 271.6645202636719, 488.82806396484375, 349.9161071777344]"
2025-09-03 21:26:25,person,Caution,0.58,"[31.647315979003906, 146.5450897216797, 348.44921875, 358.4285583496094]"
2025-09-03 21:26:25,vase,Info,0.44,"[427.2178039550781, 274.2168273925781, 489.0172119140625, 350.7613220214844]"
2025-09-03 21:26:25,potted plant,Info,0.26,"[341.13250732421875, 1.204974889755249, 489.4406433105469, 349.3360900878906]"
2025-09-03 21:26:25,person,Caution,0.51,"[17.617000579833984, 142.82333374023438, 469.4235534667969, 359.4492492675781]"
2025-09-03 21:26:25,potted plant,Info,0.39,"[342.3592224121094, 1.2057026624679565, 492.88250732421875, 348.1133117675781]"
2025-09-03 21:26:25,person,Caution,0.70,"[19.87431526184082, 135.816650390625, 471.00897216796875, 358.4781799316406]"
2025-09-03 21:26:25,vase,Info,0.35,"[426.4753723144531, 272.697998046875, 490.4023742675781, 349.7832336425781]"
2025-09-03 21:26:25,potted plant,Info,0.32,"[345.19879150390625, 0.4275278151035309, 489.8742980957031, 349.6926574707031]"
2025-09-03 21:26:25,person,Caution,0.62,"[16.31479263305664, 132.06011962890625, 471.154052734375, 358.4969177246094]"
2025-09-03 21:26:25,vase,Info,0.50,"[422.8047180175781, 273.15093994140625, 489.5741882324219, 350.5118408203125]"
2025-09-03 21:26:25,potted plant,Info,0.32,"[343.4122619628906, 1.0592416524887085, 491.3055114746094, 349.1033020019531]"
2025-09-03 21:26:26,person,Caution,0.73,"[12.445585250854492, 125.75953674316406, 474.9446716308594, 358.18743896484375]"
2025-09-03 21:26:26,potted plant,Info,0.33,"[344.35546875, 1.006657600402832, 492.5616149902344, 348.8584899902344]"
2025-09-03 21:26:26,vase,Info,0.27,"[428.9168701171875, 272.38787841796875, 491.1556396484375, 349.7721252441406]"
2025-09-03 21:26:26,person,Caution,0.62,"[7.865835666656494, 115.62169647216797, 467.9302673339844, 357.8036193847656]"
2025-09-03 21:26:26,vase,Info,0.30,"[422.2714538574219, 269.8615417480469, 490.27532958984375, 348.36578369140625]"
2025-09-03 21:26:26,potted plant,Info,0.25,"[343.8946228027344, 1.0779982805252075, 491.42364501953125, 348.03997802734375]"
2025-09-03 21:26:26,person,Caution,0.79,"[4.721773624420166, 105.35077667236328, 463.5139465332031, 357.55780029296875]"
2025-09-03 21:26:26,vase,Info,0.30,"[423.4213562011719, 267.614990234375, 490.6947021484375, 348.093505859375]"
2025-09-03 21:26:26,potted plant,Info,0.27,"[348.7569885253906, 0.0, 489.4535217285156, 348.23553466796875]"
2025-09-03 21:26:26,person,Caution,0.61,"[0.8229652047157288, 87.909912109375, 386.1980285644531, 357.9652404785156]"
2025-09-03 21:26:26,vase,Info,0.46,"[421.4858093261719, 268.6793518066406, 490.42340087890625, 346.6474304199219]"
2025-09-03 21:26:26,person,Caution,0.83,"[0.39966291189193726, 75.61184692382812, 380.19677734375, 357.6640625]"
2025-09-03 21:26:26,vase,Info,0.42,"[427.4757995605469, 266.53656005859375, 491.63934326171875, 345.20794677734375]"
2025-09-03 21:26:26,potted plant,Info,0.30,"[344.5702209472656, 0.867356538772583, 493.65264892578125, 343.8393249511719]"
2025-09-03 21:26:26,person,Caution,0.70,"[0.1968149095773697, 65.73143768310547, 397.5203857421875, 357.77569580078125]"
2025-09-03 21:26:26,vase,Info,0.41,"[423.6797180175781, 267.7310485839844, 489.5422058105469, 343.51043701171875]"
2025-09-03 21:26:26,potted plant,Info,0.38,"[347.76995849609375, 0.0, 490.3858642578125, 343.92523193359375]"
2025-09-03 21:26:26,person,Caution,0.73,"[0.0, 60.125205993652344, 413.9555969238281, 357.67529296875]"
2025-09-03 21:26:26,potted plant,Info,0.37,"[345.21185302734375, 0.5668288469314575, 492.76104736328125, 341.89617919921875]"
2025-09-03 21:26:26,vase,Info,0.33,"[422.3063049316406, 265.9894714355469, 490.1925964355469, 342.9234619140625]"
2025-09-03 21:26:26,person,Caution,0.82,"[3.480130910873413, 53.33460998535156, 462.2415466308594, 356.93170166015625]"
2025-09-03 21:26:26,vase,Info,0.34,"[423.390625, 266.81011962890625, 489.75384521484375, 340.7588195800781]"
2025-09-03 21:26:26,potted plant,Info,0.28,"[343.3522644042969, 0.7850764393806458, 490.7996826171875, 340.5710754394531]"
2025-09-03 21:26:26,person,Caution,0.76,"[6.73128604888916, 53.24458312988281, 420.8127136230469, 357.4366455078125]"
2025-09-03 21:26:26,potted plant,Info,0.30,"[344.0061950683594, 0.5226017832756042, 491.5655212402344, 340.17071533203125]"
2025-09-03 21:26:27,person,Caution,0.79,"[14.214055061340332, 54.680294036865234, 411.79205322265625, 357.6964416503906]"
2025-09-03 21:26:27,vase,Info,0.41,"[422.5409240722656, 267.8319396972656, 489.1159973144531, 342.48516845703125]"
2025-09-03 21:26:27,potted plant,Info,0.29,"[345.3731384277344, 0.0, 490.2131652832031, 343.2373962402344]"
2025-09-03 21:26:27,person,Caution,0.77,"[18.09222984313965, 54.056304931640625, 409.13543701171875, 357.01055908203125]"
2025-09-03 21:26:27,potted plant,Info,0.32,"[344.3085021972656, 0.5692232847213745, 492.0736999511719, 340.8748474121094]"
2025-09-03 21:26:27,person,Caution,0.75,"[26.262067794799805, 56.54301834106445, 428.7240905761719, 357.86846923828125]"
2025-09-03 21:26:27,potted plant,Info,0.32,"[344.1868896484375, 0.7087355852127075, 492.9610290527344, 341.2787780761719]"
2025-09-03 21:26:27,person,Caution,0.87,"[51.21967315673828, 58.716678619384766, 405.2366943359375, 358.1236877441406]"
2025-09-03 21:26:27,potted plant,Info,0.31,"[344.74139404296875, 0.5175312161445618, 490.85186767578125, 343.1312561035156]"
2025-09-03 21:26:27,vase,Info,0.29,"[423.8234558105469, 266.9347229003906, 489.2801818847656, 345.057373046875]"
2025-09-03 21:26:27,person,Caution,0.84,"[80.09146118164062, 58.702781677246094, 430.78533935546875, 357.8836975097656]"
2025-09-03 21:26:27,potted plant,Info,0.43,"[342.4967346191406, 0.11580247431993484, 488.7166748046875, 345.2623596191406]"
2025-09-03 21:26:27,vase,Info,0.32,"[423.1104736328125, 266.02923583984375, 487.7532653808594, 345.4017028808594]"
2025-09-03 21:26:27,person,Caution,0.92,"[81.44367218017578, 59.94485855102539, 424.2514343261719, 356.6649475097656]"
2025-09-03 21:26:27,potted plant,Info,0.38,"[338.30718994140625, 0.0, 488.23223876953125, 345.9173583984375]"
2025-09-03 21:26:27,vase,Info,0.28,"[420.4735107421875, 268.08966064453125, 486.355712890625, 345.4627990722656]"
2025-09-03 21:26:27,person,Caution,0.92,"[81.44367218017578, 59.94485855102539, 424.2514343261719, 356.6649475097656]"
2025-09-03 21:26:27,potted plant,Info,0.38,"[338.30718994140625, 0.0, 488.23223876953125, 345.9173583984375]"
2025-09-03 21:26:27,vase,Info,0.28,"[420.4735107421875, 268.08966064453125, 486.355712890625, 345.4627990722656]"
2025-09-03 21:26:27,person,Caution,0.79,"[82.8973388671875, 64.3922348022461, 435.8736267089844, 358.8033142089844]"
2025-09-03 21:26:27,vase,Info,0.55,"[421.4659729003906, 268.0597229003906, 487.17230224609375, 345.984619140625]"
2025-09-03 21:26:27,potted plant,Info,0.37,"[341.24737548828125, 0.2884145975112915, 489.3263854980469, 345.6541748046875]"
2025-09-03 21:26:27,person,Caution,0.83,"[89.82563018798828, 85.05512237548828, 408.8486022949219, 358.1346435546875]"
2025-09-03 21:26:27,potted plant,Info,0.27,"[341.6083679199219, 0.0, 489.34234619140625, 345.7449645996094]"
2025-09-03 21:26:28,person,Caution,0.83,"[102.8833999633789, 97.46440124511719, 405.1315612792969, 358.1316833496094]"
2025-09-03 21:26:28,potted plant,Info,0.27,"[340.0431213378906, 0.0, 487.5838623046875, 347.161865234375]"
2025-09-03 21:26:28,person,Caution,0.88,"[112.41517639160156, 109.44026184082031, 403.200927734375, 358.63592529296875]"
2025-09-03 21:26:28,person,Caution,0.85,"[127.79710388183594, 124.05327606201172, 400.9599609375, 358.5387268066406]"
2025-09-03 21:26:28,person,Caution,0.83,"[135.19198608398438, 129.8223876953125, 402.137939453125, 358.305908203125]"
2025-09-03 21:26:28,person,Caution,0.80,"[145.0478057861328, 138.68862915039062, 405.5931701660156, 357.9359436035156]"
2025-09-03 21:26:28,potted plant,Info,0.41,"[341.44134521484375, 0.53741455078125, 487.02154541015625, 348.3480529785156]"
2025-09-03 21:26:28,vase,Info,0.37,"[421.4143981933594, 268.90185546875, 487.1986389160156, 347.9045715332031]"
2025-09-03 21:26:28,person,Caution,0.81,"[160.5592803955078, 143.72018432617188, 422.0870056152344, 358.0470275878906]"
2025-09-03 21:26:28,vase,Info,0.39,"[422.296630859375, 268.319580078125, 487.49383544921875, 348.8565979003906]"
2025-09-03 21:26:28,person,Caution,0.86,"[164.52560424804688, 144.98704528808594, 424.7592468261719, 358.391845703125]"
2025-09-03 21:26:28,vase,Info,0.40,"[423.4714050292969, 269.4805603027344, 487.5652770996094, 348.8534851074219]"
2025-09-03 21:26:28,person,Caution,0.88,"[168.36837768554688, 149.7750701904297, 439.7072448730469, 357.7166748046875]"
2025-09-03 21:26:28,vase,Info,0.51,"[420.95849609375, 268.56201171875, 487.1287841796875, 350.32330322265625]"
2025-09-03 21:26:28,potted plant,Info,0.31,"[338.7976379394531, 0.07666955143213272, 490.43505859375, 352.5234680175781]"
2025-09-03 21:26:28,person,Caution,0.89,"[171.97239685058594, 154.41763305664062, 453.44671630859375, 357.3716125488281]"
2025-09-03 21:26:28,vase,Info,0.52,"[423.20220947265625, 269.536376953125, 486.9922180175781, 355.02288818359375]"
2025-09-03 21:26:29,person,Caution,0.88,"[174.41116333007812, 156.26376342773438, 466.21221923828125, 357.8160705566406]"
2025-09-03 21:26:29,vase,Info,0.27,"[420.7474670410156, 265.9576416015625, 486.8305969238281, 350.0501708984375]"
2025-09-03 21:26:29,person,Caution,0.89,"[175.37701416015625, 154.87060546875, 471.0970458984375, 357.1984558105469]"
2025-09-03 21:26:29,person,Caution,0.89,"[171.4513702392578, 151.15591430664062, 462.71343994140625, 357.1518249511719]"
2025-09-03 21:26:29,vase,Info,0.35,"[425.9978942871094, 267.3433837890625, 486.2904052734375, 349.3184814453125]"
2025-09-03 21:26:29,person,Caution,0.87,"[166.14341735839844, 146.66481018066406, 446.75201416015625, 357.38861083984375]"
2025-09-03 21:26:29,potted plant,Info,0.45,"[340.04400634765625, 1.076401948928833, 489.85394287109375, 352.8708190917969]"
2025-09-03 21:26:29,vase,Info,0.35,"[424.29791259765625, 266.01116943359375, 487.2200927734375, 354.6224060058594]"
2025-09-03 21:26:29,person,Caution,0.87,"[162.16213989257812, 148.01905822753906, 437.44049072265625, 358.5790710449219]"
2025-09-03 21:26:29,potted plant,Info,0.52,"[338.536865234375, 0.12312669306993484, 490.8264465332031, 356.93756103515625]"
2025-09-03 21:26:29,vase,Info,0.43,"[419.19171142578125, 266.7095642089844, 487.6014404296875, 357.5048828125]"
2025-09-03 21:26:29,person,Caution,0.80,"[153.7842254638672, 147.74139404296875, 416.68505859375, 357.7819519042969]"
2025-09-03 21:26:29,vase,Info,0.50,"[422.06646728515625, 267.8258972167969, 487.4838562011719, 348.3121032714844]"
2025-09-03 21:26:29,potted plant,Info,0.39,"[340.6636657714844, 0.6783353686332703, 488.6659240722656, 348.70343017578125]"
2025-09-03 21:26:29,person,Caution,0.73,"[119.5277328491211, 152.8406524658203, 474.5841369628906, 358.3414306640625]"
2025-09-03 21:26:29,vase,Info,0.52,"[421.3295593261719, 269.3970031738281, 487.3023681640625, 349.0631408691406]"
2025-09-03 21:26:29,potted plant,Info,0.30,"[340.0144348144531, 0.9618436694145203, 488.53912353515625, 348.1127624511719]"
2025-09-03 21:26:29,person,Caution,0.44,"[120.70032501220703, 164.179931640625, 463.5336608886719, 357.6403503417969]"
2025-09-03 21:26:29,vase,Info,0.32,"[426.5426940917969, 270.0743713378906, 486.5173645019531, 349.10205078125]"
2025-09-03 21:26:30,person,Caution,0.70,"[82.77837371826172, 180.14454650878906, 472.0047302246094, 358.87249755859375]"
2025-09-03 21:26:30,vase,Info,0.34,"[420.5639953613281, 269.34173583984375, 487.30133056640625, 349.6717834472656]"
2025-09-03 21:26:30,potted plant,Info,0.31,"[342.1767272949219, 0.10566125065088272, 486.4277648925781, 347.77020263671875]"
2025-09-03 21:26:30,person,Caution,0.29,"[91.99227142333984, 179.9326629638672, 356.76214599609375, 359.36517333984375]"
2025-09-03 21:26:30,person,Caution,0.57,"[43.35017395019531, 189.9480743408203, 472.2265930175781, 358.90142822265625]"
2025-09-03 21:26:30,person,Caution,0.33,"[45.98598861694336, 191.2091064453125, 348.1768798828125, 358.8108215332031]"
2025-09-03 21:26:30,vase,Info,0.31,"[422.5373840332031, 273.0067443847656, 487.10675048828125, 348.2250061035156]"
2025-09-03 21:26:30,vase,Info,0.28,"[422.1907958984375, 272.7879638671875, 487.41070556640625, 350.32049560546875]"
2025-09-03 21:26:30,potted plant,Info,0.27,"[341.3697204589844, 0.0, 486.8388671875, 347.1839599609375]"
2025-09-03 21:26:30,vase,Info,0.25,"[427.6009521484375, 273.041748046875, 486.9507141113281, 347.9907531738281]"
2025-09-03 21:26:30,person,Caution,0.80,"[35.03131866455078, 200.26300048828125, 469.9600524902344, 357.91668701171875]"
2025-09-03 21:26:30,vase,Info,0.41,"[422.5855712890625, 276.3740539550781, 487.1767272949219, 350.04302978515625]"
2025-09-03 21:26:30,person,Caution,0.69,"[10.43522834777832, 205.8218231201172, 473.1332702636719, 358.3943176269531]"
2025-09-03 21:26:30,person,Caution,0.43,"[10.221464157104492, 204.90972900390625, 331.4320983886719, 358.9821472167969]"
2025-09-03 21:26:30,vase,Info,0.29,"[422.7311096191406, 275.5964050292969, 488.8504943847656, 350.6630554199219]"
2025-09-03 21:26:30,person,Caution,0.70,"[0.372971773147583, 213.76878356933594, 469.1545715332031, 357.6656494140625]"
2025-09-03 21:26:30,vase,Info,0.35,"[423.20074462890625, 276.9297180175781, 488.6043395996094, 354.55126953125]"
2025-09-03 21:26:30,person,Caution,0.76,"[0.4373403787612915, 218.6135711669922, 466.4703063964844, 358.1844482421875]"
2025-09-03 21:26:30,vase,Info,0.38,"[421.3880615234375, 276.5752258300781, 488.21319580078125, 355.4490966796875]"
2025-09-03 21:26:30,person,Caution,0.72,"[0.31325122714042664, 226.4663543701172, 470.05645751953125, 358.1589050292969]"
2025-09-03 21:26:30,vase,Info,0.34,"[421.9151916503906, 277.4889221191406, 488.8119812011719, 356.6067810058594]"
2025-09-03 21:26:30,person,Caution,0.75,"[0.3673847019672394, 239.7928924560547, 471.9312744140625, 359.17437744140625]"
2025-09-03 21:26:30,vase,Info,0.29,"[421.3558349609375, 278.709228515625, 489.13568115234375, 357.57220458984375]"
2025-09-03 21:26:31,person,Caution,0.61,"[0.42771559953689575, 260.991455078125, 472.8360900878906, 358.58197021484375]"
2025-09-03 21:26:31,vase,Info,0.34,"[422.5652770996094, 279.549072265625, 488.6177978515625, 354.6466369628906]"
2025-09-03 21:26:31,potted plant,Info,0.26,"[340.9294128417969, 0.0, 489.1772766113281, 352.32672119140625]"
2025-09-03 21:26:31,person,Caution,0.46,"[0.733642578125, 273.7791748046875, 473.8471984863281, 357.2603454589844]"
2025-09-03 21:26:31,vase,Info,0.37,"[421.4580078125, 279.5941162109375, 489.0785827636719, 356.5751953125]"
2025-09-03 21:26:31,person,Info,0.44,"[0.37677472829818726, 286.4540100097656, 470.83990478515625, 358.47174072265625]"
2025-09-03 21:26:31,vase,Info,0.38,"[421.0838928222656, 279.9423522949219, 489.23577880859375, 357.4739074707031]"
2025-09-03 21:26:31,vase,Info,0.50,"[421.6722412109375, 278.988525390625, 490.1745300292969, 355.702392578125]"
2025-09-03 21:26:31,person,Info,0.47,"[0.29855582118034363, 287.2745056152344, 471.8503112792969, 357.91168212890625]"
2025-09-03 21:26:31,potted plant,Info,0.30,"[345.3441162109375, 0.0, 490.710693359375, 353.46588134765625]"
2025-09-03 21:26:31,person,Info,0.43,"[0.8497971892356873, 282.140625, 474.1444091796875, 356.85211181640625]"
2025-09-03 21:26:31,vase,Info,0.33,"[424.16058349609375, 279.9237365722656, 489.96673583984375, 356.5722961425781]"
2025-09-03 21:26:31,person,Info,0.49,"[0.4751352369785309, 278.3213195800781, 472.3193664550781, 357.7418518066406]"
2025-09-03 21:26:31,vase,Info,0.40,"[423.4913330078125, 279.70257568359375, 489.84405517578125, 356.57928466796875]"
2025-09-03 21:26:31,person,Caution,0.61,"[0.5234469175338745, 261.73919677734375, 470.1087951660156, 358.545654296875]"
2025-09-03 21:26:31,vase,Info,0.45,"[420.7734680175781, 279.12744140625, 489.9118347167969, 355.937744140625]"
2025-09-03 21:26:31,person,Caution,0.31,"[0.5212637186050415, 261.9792785644531, 280.21331787109375, 359.2373962402344]"
2025-09-03 21:26:31,person,Caution,0.52,"[0.2328726053237915, 242.2299041748047, 472.8873596191406, 357.78289794921875]"
2025-09-03 21:26:31,vase,Info,0.32,"[426.1023254394531, 279.2037353515625, 490.3634948730469, 356.5350036621094]"
2025-09-03 21:26:31,person,Caution,0.50,"[0.5312406420707703, 203.0533447265625, 474.4910888671875, 358.6048583984375]"
2025-09-03 21:26:31,person,Caution,0.46,"[0.5245267748832703, 202.09112548828125, 299.5196533203125, 358.9519348144531]"
2025-09-03 21:26:31,vase,Info,0.37,"[421.8190002441406, 277.6238708496094, 488.51043701171875, 352.3504333496094]"
2025-09-03 21:26:32,person,Caution,0.53,"[1.5457388162612915, 184.358154296875, 303.6439514160156, 357.71160888671875]"
2025-09-03 21:26:32,vase,Info,0.41,"[419.79443359375, 278.75189208984375, 487.06597900390625, 355.445068359375]"
2025-09-03 21:26:32,person,Caution,0.30,"[1.5794020891189575, 184.1295928955078, 474.7326965332031, 358.2391052246094]"
2025-09-03 21:26:32,person,Caution,0.71,"[31.594520568847656, 174.14891052246094, 469.9889221191406, 357.7264099121094]"
2025-09-03 21:26:32,vase,Info,0.37,"[418.4559326171875, 276.0985107421875, 484.430419921875, 352.0896301269531]"
2025-09-03 21:26:32,person,Caution,0.74,"[20.75397300720215, 174.82859802246094, 469.1170654296875, 357.8227844238281]"
2025-09-03 21:26:32,person,Caution,0.63,"[11.354745864868164, 180.13156127929688, 472.0052185058594, 357.276611328125]"
2025-09-03 21:26:32,person,Caution,0.26,"[13.410152435302734, 180.15142822265625, 313.562255859375, 357.78814697265625]"
2025-09-03 21:26:32,person,Caution,0.50,"[7.382202625274658, 182.4434356689453, 309.14306640625, 357.1579895019531]"
2025-09-03 21:26:32,person,Caution,0.35,"[5.253108501434326, 182.27825927734375, 469.06298828125, 358.7648010253906]"
2025-09-03 21:26:32,person,Caution,0.59,"[2.26823091506958, 188.24928283691406, 300.46185302734375, 357.7396545410156]"
2025-09-03 21:26:32,vase,Info,0.39,"[420.0353088378906, 274.0741882324219, 486.5543518066406, 352.1844787597656]"
2025-09-03 21:26:32,person,Caution,0.27,"[1.5904823541641235, 187.6897735595703, 469.685791015625, 360.0]"
2025-09-03 21:26:32,person,Caution,0.42,"[0.0, 195.41978454589844, 476.61932373046875, 358.60845947265625]"
2025-09-03 21:26:32,person,Caution,0.42,"[0.11690580099821091, 195.13600158691406, 300.4106750488281, 357.3920593261719]"
2025-09-03 21:26:32,person,Caution,0.54,"[0.07216233760118484, 195.6405029296875, 300.47882080078125, 357.0516052246094]"
2025-09-03 21:26:32,person,Caution,0.34,"[0.0, 196.25682067871094, 477.1629943847656, 358.08233642578125]"
2025-09-03 21:26:32,vase,Info,0.31,"[422.6249084472656, 274.08966064453125, 487.6551513671875, 349.96282958984375]"
2025-09-03 21:26:33,person,Caution,0.44,"[0.4375751316547394, 192.13731384277344, 476.3037414550781, 358.6547546386719]"
2025-09-03 21:26:33,person,Caution,0.35,"[0.2854097783565521, 192.89654541015625, 304.5281982421875, 358.3202819824219]"
2025-09-03 21:26:33,person,Caution,0.50,"[8.229887008666992, 189.63430786132812, 303.6611328125, 357.8245849609375]"
2025-09-03 21:26:33,person,Caution,0.34,"[7.059467315673828, 188.9169158935547, 478.76861572265625, 358.484130859375]"
2025-09-03 21:26:33,vase,Info,0.27,"[422.9748229980469, 275.1798400878906, 487.7538757324219, 351.4188537597656]"
2025-09-03 21:26:33,person,Caution,0.66,"[6.085205078125, 190.21238708496094, 301.8808898925781, 357.54254150390625]"
2025-09-03 21:26:33,person,Caution,0.65,"[8.029714584350586, 189.85438537597656, 302.1626892089844, 357.8662109375]"
2025-09-03 21:26:33,vase,Info,0.27,"[422.6817932128906, 276.334228515625, 486.8605651855469, 351.0665283203125]"
2025-09-03 21:26:33,person,Caution,0.45,"[11.292724609375, 185.8629913330078, 477.7562561035156, 358.07904052734375]"
2025-09-03 21:26:33,person,Caution,0.41,"[13.302777290344238, 186.74124145507812, 302.1735534667969, 357.5892639160156]"
2025-09-03 21:26:33,vase,Info,0.27,"[423.0553894042969, 276.44635009765625, 487.349365234375, 352.42376708984375]"
2025-09-03 21:26:33,person,Caution,0.43,"[30.30278205871582, 179.65701293945312, 308.8888854980469, 357.4847717285156]"
2025-09-03 21:26:33,person,Caution,0.39,"[13.590088844299316, 179.20481872558594, 474.2311706542969, 359.6426696777344]"
2025-09-03 21:26:33,vase,Info,0.27,"[423.9934997558594, 277.32794189453125, 487.45654296875, 353.265625]"
2025-09-03 21:26:33,person,Caution,0.86,"[28.56633186340332, 169.78732299804688, 467.63897705078125, 357.3001403808594]"
2025-09-03 21:26:33,vase,Info,0.54,"[422.5635070800781, 278.14642333984375, 486.74993896484375, 357.34375]"
2025-09-03 21:26:33,person,Caution,0.48,"[78.05284118652344, 165.67703247070312, 337.9300842285156, 359.09039306640625]"
2025-09-03 21:26:33,person,Caution,0.43,"[62.20820617675781, 164.65196228027344, 463.5376281738281, 360.0]"
2025-09-03 21:26:33,vase,Info,0.39,"[422.42095947265625, 279.8229675292969, 487.4615173339844, 357.0847473144531]"
2025-09-03 21:26:34,person,Caution,0.60,"[97.4114761352539, 148.68450927734375, 356.201904296875, 358.3872375488281]"
2025-09-03 21:26:34,vase,Info,0.54,"[421.1691589355469, 279.0014343261719, 487.6070556640625, 354.75018310546875]"
2025-09-03 21:26:34,person,Caution,0.33,"[61.931156158447266, 149.3311004638672, 464.1661682128906, 358.88232421875]"
2025-09-03 21:26:34,person,Caution,0.80,"[90.56137084960938, 111.78305053710938, 398.6453552246094, 358.3893127441406]"
2025-09-03 21:26:34,vase,Info,0.49,"[421.6595153808594, 274.1954650878906, 487.3150329589844, 352.8758850097656]"
2025-09-03 21:26:34,person,Caution,0.90,"[88.17560577392578, 101.145751953125, 397.4480895996094, 357.8306579589844]"
2025-09-03 21:26:34,vase,Info,0.46,"[420.2840576171875, 272.4925842285156, 486.42816162109375, 353.6629638671875]"
2025-09-03 21:26:34,potted plant,Info,0.32,"[338.6915283203125, 0.0, 487.21502685546875, 352.53643798828125]"
2025-09-03 21:26:34,person,Caution,0.92,"[81.09397888183594, 73.13501739501953, 424.0085754394531, 357.61395263671875]"
2025-09-03 21:26:34,person,Caution,0.92,"[82.94695281982422, 30.671470642089844, 464.9463195800781, 357.3148498535156]"
2025-09-03 21:26:34,person,Caution,0.93,"[94.64102172851562, 26.96368980407715, 480.10003662109375, 357.6385192871094]"
2025-09-03 21:26:34,person,Caution,0.93,"[109.8850326538086, 57.94743728637695, 480.9036560058594, 357.67828369140625]"
2025-09-03 21:26:34,vase,Info,0.36,"[447.8320617675781, 265.4184265136719, 486.3547058105469, 337.4335632324219]"
2025-09-03 21:26:34,person,Caution,0.90,"[139.03024291992188, 100.23152923583984, 466.7825622558594, 357.2732849121094]"
2025-09-03 21:26:34,vase,Info,0.26,"[438.6895446777344, 266.93048095703125, 485.2082824707031, 347.20184326171875]"
2025-09-03 21:26:35,person,Caution,0.89,"[165.57720947265625, 133.5194549560547, 449.7496643066406, 357.20306396484375]"
2025-09-03 21:26:35,person,Caution,0.90,"[167.0330352783203, 141.5795440673828, 444.26495361328125, 357.2367248535156]"
2025-09-03 21:26:35,vase,Info,0.56,"[420.57525634765625, 268.1166076660156, 486.674072265625, 350.4359436035156]"
2025-09-03 21:26:35,person,Caution,0.89,"[166.6986541748047, 142.5137176513672, 443.7389221191406, 357.1543273925781]"
2025-09-03 21:26:35,vase,Info,0.26,"[421.2983703613281, 265.9400329589844, 487.4920349121094, 350.6158142089844]"
2025-09-03 21:26:35,person,Caution,0.90,"[166.8173370361328, 141.61558532714844, 443.3031311035156, 357.39166259765625]"
2025-09-03 21:26:35,vase,Info,0.72,"[419.5470275878906, 267.3514099121094, 486.2167663574219, 359.0615234375]"
2025-09-03 21:26:35,person,Caution,0.90,"[167.400390625, 140.91500854492188, 443.337890625, 357.07427978515625]"
2025-09-03 21:26:35,vase,Info,0.29,"[422.49127197265625, 266.7161865234375, 486.552001953125, 348.3560485839844]"
2025-09-03 21:26:35,person,Caution,0.90,"[166.8520050048828, 140.63119506835938, 444.0321044921875, 357.12322998046875]"
2025-09-03 21:26:35,vase,Info,0.52,"[422.5382385253906, 268.0783996582031, 486.4071960449219, 349.1885681152344]"
2025-09-03 21:26:35,person,Caution,0.90,"[167.48977661132812, 140.0686492919922, 443.4937744140625, 357.27569580078125]"
2025-09-03 21:26:35,vase,Info,0.41,"[419.9793701171875, 266.99713134765625, 486.8361511230469, 350.8899841308594]"
2025-09-03 21:26:36,person,Caution,0.90,"[167.32887268066406, 139.88299560546875, 443.5042724609375, 357.23333740234375]"
2025-09-03 21:26:36,vase,Info,0.52,"[418.5631408691406, 267.0862731933594, 487.4277038574219, 350.4967346191406]"
2025-09-03 21:26:36,person,Caution,0.90,"[167.13719177246094, 140.48117065429688, 443.4065246582031, 357.5159912109375]"
2025-09-03 21:26:36,vase,Info,0.45,"[420.0257568359375, 267.4691162109375, 487.4256591796875, 353.20745849609375]"
2025-09-03 21:26:36,person,Caution,0.89,"[167.7229766845703, 141.50872802734375, 444.0901794433594, 357.5553894042969]"
2025-09-03 21:26:36,person,Caution,0.89,"[169.43524169921875, 141.22467041015625, 444.6426696777344, 357.652587890625]"
2025-09-03 21:26:36,person,Caution,0.88,"[181.85659790039062, 144.68548583984375, 455.2648010253906, 357.5997009277344]"
2025-09-03 21:26:36,person,Caution,0.90,"[192.07855224609375, 145.8856658935547, 460.1932067871094, 357.2648010253906]"
2025-09-03 21:26:36,person,Info,0.29,"[0.28430646657943726, 281.0285339355469, 44.493804931640625, 359.0008544921875]"
2025-09-03 21:26:36,person,Caution,0.86,"[249.45375061035156, 173.36766052246094, 475.4581604003906, 358.48321533203125]"
2025-09-03 21:26:37,person,Caution,0.82,"[263.1004638671875, 178.53079223632812, 473.4208984375, 357.6716613769531]"
2025-09-03 21:26:37,person,Caution,0.59,"[355.14532470703125, 218.2836456298828, 482.732666015625, 358.75372314453125]"
2025-09-03 21:26:37,person,Caution,0.28,"[350.94659423828125, 217.13694763183594, 596.1295776367188, 360.0]"
2025-09-03 21:26:37,person,Caution,0.35,"[373.0429382324219, 227.86688232421875, 506.6687316894531, 358.6354675292969]"
2025-09-03 21:26:37,person,Caution,0.33,"[371.096923828125, 227.17572021484375, 581.792724609375, 360.0]"
2025-09-03 21:26:37,person,Caution,0.35,"[379.7272033691406, 223.9467010498047, 595.729736328125, 360.0]"
2025-09-03 21:26:37,person,Caution,0.28,"[382.56298828125, 224.2165069580078, 514.6552734375, 359.0035400390625]"
2025-09-03 21:26:37,person,Caution,0.57,"[387.7117004394531, 207.58226013183594, 551.2037963867188, 359.4950256347656]"
2025-09-03 21:26:37,person,Caution,0.57,"[412.4393615722656, 179.6809539794922, 596.0054931640625, 355.4637756347656]"
2025-09-03 21:26:37,person,Caution,0.89,"[428.77716064453125, 169.29580688476562, 639.7125854492188, 357.4530029296875]"
2025-09-03 21:26:37,person,Info,0.85,"[459.193603515625, 179.73011779785156, 639.7875366210938, 358.0257873535156]"
2025-09-03 21:26:37,person,Info,0.78,"[494.34881591796875, 178.46633911132812, 639.6403198242188, 357.1868591308594]"
2025-09-03 21:26:38,person,Info,0.76,"[489.9167175292969, 177.8459930419922, 639.1039428710938, 356.6191711425781]"
2025-09-03 21:26:38,person,Info,0.87,"[451.3428955078125, 165.97633361816406, 639.3801879882812, 358.5880432128906]"
2025-09-03 21:26:38,person,Caution,0.89,"[433.0872802734375, 147.93650817871094, 639.5966186523438, 358.0285339355469]"
2025-09-03 21:26:38,person,Caution,0.90,"[430.5380554199219, 138.54949951171875, 639.5795288085938, 357.5978088378906]"
2025-09-03 21:26:38,person,Info,0.28,"[0.032153498381376266, 322.2734375, 16.857561111450195, 359.23492431640625]"
2025-09-03 21:26:38,person,Caution,0.90,"[433.7380065917969, 142.84738159179688, 639.5888061523438, 357.429931640625]"
2025-09-03 21:26:38,person,Caution,0.89,"[426.6783752441406, 137.21107482910156, 639.7053833007812, 356.9632263183594]"
2025-09-03 21:26:38,person,Caution,0.90,"[428.16802978515625, 136.6068115234375, 639.5810546875, 357.6319580078125]"
2025-09-03 21:26:38,person,Caution,0.90,"[430.1380920410156, 139.0411834716797, 639.5802612304688, 357.6839599609375]"
2025-09-03 21:26:39,person,Caution,0.90,"[430.7160949707031, 140.21865844726562, 639.5938110351562, 358.0721130371094]"
2025-09-03 21:26:39,person,Caution,0.89,"[432.51861572265625, 139.646240234375, 639.7504272460938, 357.3286437988281]"
2025-09-03 21:26:39,person,Caution,0.89,"[434.4507141113281, 141.4461212158203, 639.5901489257812, 357.9046630859375]"
2025-09-03 21:26:39,person,Info,0.89,"[439.0297546386719, 143.8318634033203, 639.5819091796875, 357.8447570800781]"
2025-09-03 21:26:39,person,Info,0.32,"[0.033407945185899734, 323.7601013183594, 22.16370964050293, 359.1872253417969]"
2025-09-03 21:26:39,person,Info,0.90,"[440.4677734375, 141.00962829589844, 639.56787109375, 357.9607849121094]"
2025-09-03 21:26:39,person,Info,0.90,"[444.3359680175781, 141.2054901123047, 639.5559692382812, 357.99755859375]"
2025-09-03 21:26:39,person,Info,0.27,"[0.07469764351844788, 318.0053405761719, 30.510528564453125, 359.07073974609375]"
2025-09-03 21:26:39,person,Info,0.89,"[451.03546142578125, 141.4373779296875, 639.5486450195312, 358.1706848144531]"
2025-09-03 21:26:39,person,Info,0.50,"[0.20101401209831238, 321.1968688964844, 36.748619079589844, 358.9662780761719]"
2025-09-03 21:26:39,person,Info,0.32,"[300.7163391113281, 308.8187255859375, 341.6910095214844, 360.0]"
2025-09-03 21:26:39,person,Info,0.90,"[449.9365539550781, 140.33836364746094, 639.513427734375, 357.4916076660156]"
2025-09-03 21:26:39,person,Info,0.33,"[0.34183210134506226, 318.7413635253906, 37.362422943115234, 359.5564270019531]"
2025-09-03 21:26:39,person,Info,0.32,"[301.24542236328125, 306.0682678222656, 343.1298828125, 359.36810302734375]"
2025-09-03 21:26:39,person,Info,0.90,"[449.3204650878906, 139.3972625732422, 639.5611572265625, 358.3291015625]"
2025-09-03 21:26:39,person,Info,0.37,"[0.23298704624176025, 319.381591796875, 37.28276824951172, 358.98260498046875]"
2025-09-03 21:26:40,person,Info,0.89,"[448.3007507324219, 138.04879760742188, 639.5474853515625, 358.29595947265625]"
2025-09-03 21:26:40,person,Info,0.35,"[0.3037232756614685, 318.32366943359375, 37.50443649291992, 359.19244384765625]"
2025-09-03 21:26:40,person,Info,0.89,"[446.5906982421875, 137.4074249267578, 639.5510864257812, 358.20751953125]"
2025-09-03 21:26:40,person,Info,0.89,"[445.12152099609375, 135.9499969482422, 639.53466796875, 357.98675537109375]"
2025-09-03 21:26:40,person,Info,0.45,"[0.22757017612457275, 317.21612548828125, 37.30485153198242, 358.7353820800781]"
2025-09-03 21:26:40,person,Info,0.90,"[445.2374572753906, 134.9730224609375, 639.5210571289062, 357.6646728515625]"
2025-09-03 21:26:40,person,Info,0.39,"[0.3233601748943329, 317.50494384765625, 36.68449401855469, 359.324462890625]"
2025-09-03 21:26:40,person,Info,0.89,"[445.19635009765625, 135.55551147460938, 639.5441284179688, 358.27972412109375]"
2025-09-03 21:26:40,person,Info,0.50,"[0.06269601732492447, 317.84283447265625, 36.78813171386719, 359.27801513671875]"
2025-09-03 21:26:40,person,Info,0.89,"[444.5006408691406, 134.3014373779297, 639.5308227539062, 357.5351867675781]"
2025-09-03 21:26:40,person,Info,0.40,"[0.04712912067770958, 317.75970458984375, 37.12328338623047, 359.2369079589844]"
2025-09-03 21:26:40,person,Info,0.89,"[443.9104919433594, 134.7536163330078, 639.5424194335938, 357.46856689453125]"
2025-09-03 21:26:40,person,Info,0.44,"[0.3008534610271454, 317.4518737792969, 37.32428741455078, 359.2630310058594]"
2025-09-03 21:26:41,person,Info,0.86,"[444.568359375, 134.1974334716797, 639.6644287109375, 356.3658752441406]"
2025-09-03 21:26:41,person,Info,0.37,"[0.3260333836078644, 317.3943176269531, 37.28828811645508, 359.30078125]"
2025-09-03 21:26:41,person,Info,0.90,"[444.0408630371094, 135.59181213378906, 639.5347290039062, 358.04345703125]"
2025-09-03 21:26:41,person,Info,0.40,"[0.25294965505599976, 317.93865966796875, 37.00027084350586, 358.9415283203125]"
2025-09-03 21:26:41,person,Info,0.89,"[442.9182434082031, 136.90829467773438, 639.5646362304688, 357.5973815917969]"
2025-09-03 21:26:41,person,Info,0.49,"[0.3066518008708954, 317.0950622558594, 36.80841827392578, 359.50689697265625]"
2025-09-03 21:26:41,person,Info,0.89,"[442.90386962890625, 137.1488800048828, 639.5498657226562, 357.45086669921875]"
2025-09-03 21:26:41,person,Info,0.90,"[443.4783630371094, 138.8097381591797, 639.5648193359375, 357.9792785644531]"
2025-09-03 21:26:41,person,Info,0.45,"[0.3412628173828125, 316.4184875488281, 37.2623291015625, 359.55792236328125]"
2025-09-03 21:26:41,person,Info,0.89,"[443.62841796875, 138.46356201171875, 639.5601196289062, 357.7705078125]"
2025-09-03 21:26:41,person,Info,0.40,"[0.33936429023742676, 316.2864990234375, 36.85666275024414, 359.52703857421875]"
2025-09-03 21:26:41,person,Info,0.88,"[442.49908447265625, 138.56907653808594, 639.515869140625, 357.4770812988281]"
2025-09-03 21:26:41,person,Info,0.36,"[0.3008827865123749, 317.0728454589844, 36.76663589477539, 359.27252197265625]"
2025-09-03 21:26:41,person,Info,0.27,"[299.30059814453125, 301.20361328125, 344.53717041015625, 359.47821044921875]"
2025-09-03 21:26:41,person,Info,0.88,"[442.53887939453125, 140.3779296875, 639.54345703125, 357.71405029296875]"
2025-09-03 21:26:41,person,Info,0.34,"[0.3262358605861664, 316.8388977050781, 36.78302001953125, 359.3011169433594]"
2025-09-03 21:26:41,person,Info,0.25,"[301.0386047363281, 301.3453674316406, 344.3511047363281, 359.3960876464844]"
2025-09-03 21:26:42,person,Info,0.88,"[442.0253601074219, 141.4525909423828, 639.4329833984375, 357.7852783203125]"
2025-09-03 21:26:42,person,Info,0.51,"[0.32563430070877075, 316.8527526855469, 37.320899963378906, 359.3861083984375]"
2025-09-03 21:26:42,person,Info,0.37,"[298.91973876953125, 301.01458740234375, 344.4268798828125, 360.0]"
2025-09-03 21:26:42,person,Info,0.88,"[439.6614990234375, 143.11074829101562, 630.91357421875, 358.6039123535156]"
2025-09-03 21:26:42,person,Info,0.35,"[0.07506444305181503, 316.5415344238281, 36.8701057434082, 359.25299072265625]"
2025-09-03 21:26:42,person,Info,0.30,"[299.0137023925781, 299.8406982421875, 343.6883544921875, 359.2964782714844]"
2025-09-03 21:26:42,person,Info,0.87,"[440.0024719238281, 143.966064453125, 630.6004028320312, 358.7926940917969]"
2025-09-03 21:26:42,person,Info,0.45,"[0.3238971531391144, 316.72943115234375, 37.07876968383789, 359.3846435546875]"
2025-09-03 21:26:42,person,Info,0.30,"[299.13275146484375, 300.1075134277344, 344.220458984375, 359.3295593261719]"
2025-09-03 21:26:42,person,Info,0.86,"[438.5346984863281, 147.9945831298828, 616.2769775390625, 358.04779052734375]"
2025-09-03 21:26:42,person,Info,0.33,"[0.3116167485713959, 316.1203918457031, 37.27894592285156, 359.4524230957031]"
2025-09-03 21:26:42,person,Info,0.30,"[300.4979553222656, 299.38385009765625, 343.601806640625, 359.59033203125]"
2025-09-03 21:26:42,person,Caution,0.83,"[434.1566162109375, 152.60809326171875, 601.6017456054688, 358.3296203613281]"
2025-09-03 21:26:42,person,Info,0.47,"[0.259956955909729, 316.1566162109375, 37.017822265625, 358.9336853027344]"
2025-09-03 21:26:42,person,Info,0.31,"[299.8839111328125, 299.3887634277344, 344.2918701171875, 359.6573791503906]"
2025-09-03 21:26:42,person,Caution,0.84,"[427.8642578125, 157.24168395996094, 639.3912963867188, 357.9256591796875]"
2025-09-03 21:26:42,person,Info,0.38,"[0.3437541127204895, 315.6833190917969, 36.69410705566406, 359.52783203125]"
2025-09-03 21:26:42,person,Info,0.35,"[299.44256591796875, 299.0905456542969, 343.8719482421875, 359.76898193359375]"
2025-09-03 21:26:42,person,Caution,0.90,"[422.3815612792969, 161.0683135986328, 639.7117309570312, 357.95599365234375]"
2025-09-03 21:26:42,person,Info,0.46,"[0.3161180913448334, 315.74774169921875, 37.323333740234375, 359.3955383300781]"
2025-09-03 21:26:42,person,Info,0.41,"[300.23773193359375, 298.9955749511719, 343.2208251953125, 359.64508056640625]"
2025-09-03 21:26:42,person,Caution,0.91,"[417.0705261230469, 164.12179565429688, 639.608642578125, 358.3898620605469]"
2025-09-03 21:26:42,person,Info,0.36,"[0.32524991035461426, 315.2912292480469, 37.305904388427734, 359.4970703125]"
2025-09-03 21:26:42,person,Info,0.35,"[298.6412658691406, 298.9867248535156, 343.3602294921875, 359.5889587402344]"
2025-09-03 21:26:43,person,Caution,0.91,"[415.4627990722656, 165.0991668701172, 639.5654907226562, 358.9654235839844]"
2025-09-03 21:26:43,person,Info,0.57,"[0.22289863228797913, 316.05072021484375, 36.9891242980957, 359.0710144042969]"
2025-09-03 21:26:43,person,Info,0.32,"[297.9037780761719, 299.4732666015625, 343.38592529296875, 359.2569885253906]"
2025-09-03 21:26:43,person,Caution,0.91,"[416.80328369140625, 164.6646728515625, 639.6937255859375, 357.8282775878906]"
2025-09-03 21:26:43,person,Info,0.39,"[0.32589253783226013, 314.7778015136719, 36.84792709350586, 359.5483093261719]"
2025-09-03 21:26:43,person,Info,0.36,"[298.4297180175781, 298.8089904785156, 344.9308166503906, 359.3841552734375]"
2025-09-03 21:26:43,person,Caution,0.92,"[422.3652648925781, 162.5894317626953, 639.6067504882812, 358.1172790527344]"
2025-09-03 21:26:43,person,Info,0.49,"[0.3232574462890625, 315.2245788574219, 37.09273910522461, 359.6971435546875]"
2025-09-03 21:26:43,person,Info,0.40,"[299.4566650390625, 298.3482360839844, 343.36065673828125, 359.8121337890625]"
2025-09-03 21:26:43,person,Caution,0.88,"[426.8363342285156, 159.9987030029297, 639.6168823242188, 358.8497314453125]"
2025-09-03 21:26:43,person,Info,0.45,"[0.3482495844364166, 315.5303039550781, 37.24179458618164, 359.4858703613281]"
2025-09-03 21:26:43,person,Info,0.39,"[298.6129150390625, 299.14263916015625, 343.8670959472656, 359.4304504394531]"
2025-09-03 21:26:43,person,Caution,0.78,"[402.97900390625, 158.76019287109375, 639.9479370117188, 359.0089111328125]"
2025-09-03 21:26:43,person,Info,0.42,"[0.2454347014427185, 315.8976135253906, 37.227569580078125, 358.93304443359375]"
2025-09-03 21:26:43,person,Info,0.32,"[299.62451171875, 299.2867431640625, 344.7372741699219, 360.0]"
2025-09-03 21:26:43,person,Caution,0.88,"[426.5618591308594, 154.11956787109375, 639.7398071289062, 358.56640625]"
2025-09-03 21:26:43,person,Info,0.48,"[0.335995614528656, 315.10162353515625, 36.6165885925293, 359.79193115234375]"
2025-09-03 21:26:43,person,Info,0.34,"[298.1176452636719, 298.6490783691406, 344.3088684082031, 359.5279846191406]"
2025-09-03 21:26:43,person,Caution,0.88,"[433.4640808105469, 151.29595947265625, 639.7821044921875, 358.2713623046875]"
2025-09-03 21:26:43,person,Info,0.38,"[0.3035413324832916, 315.3941650390625, 37.21295928955078, 359.5615539550781]"
2025-09-03 21:26:43,person,Info,0.31,"[300.5631408691406, 298.5267028808594, 344.3686218261719, 360.0]"
2025-09-03 21:26:43,person,Info,0.88,"[439.4893798828125, 147.0641632080078, 639.6212158203125, 358.008056640625]"
2025-09-03 21:26:43,person,Info,0.37,"[0.306596040725708, 315.4940185546875, 36.88216781616211, 359.4737854003906]"
2025-09-03 21:26:43,person,Info,0.27,"[297.30291748046875, 299.4782409667969, 343.2962341308594, 359.2949523925781]"
2025-09-03 21:26:43,person,Info,0.87,"[439.5, 143.40927124023438, 639.4609375, 358.2801208496094]"
2025-09-03 21:26:43,person,Info,0.31,"[0.34170591831207275, 315.8143005371094, 36.8188591003418, 359.28375244140625]"
2025-09-03 21:26:44,person,Info,0.87,"[439.6792907714844, 142.6485137939453, 639.0677490234375, 358.10455322265625]"
2025-09-03 21:26:44,person,Info,0.26,"[0.34150931239128113, 315.9228515625, 37.09025192260742, 359.3746337890625]"
2025-09-03 21:26:44,person,Info,0.88,"[440.07305908203125, 140.8372802734375, 639.523681640625, 357.8668212890625]"
2025-09-03 21:26:44,person,Info,0.37,"[0.3501657545566559, 315.81011962890625, 36.91811752319336, 359.4977111816406]"
2025-09-03 21:26:44,person,Info,0.90,"[439.7878112792969, 140.0777130126953, 639.5484619140625, 357.901123046875]"
2025-09-03 21:26:44,person,Info,0.54,"[0.26452872157096863, 315.5512390136719, 36.658050537109375, 358.9910888671875]"
2025-09-03 21:26:44,person,Info,0.90,"[440.4172058105469, 140.2730255126953, 639.5867919921875, 357.95513916015625]"
2025-09-03 21:26:44,person,Info,0.37,"[0.33435529470443726, 315.9398193359375, 36.99007797241211, 359.4700012207031]"
2025-09-03 21:26:44,person,Info,0.90,"[440.3594055175781, 140.59152221679688, 639.587646484375, 358.1795349121094]"
2025-09-03 21:26:44,person,Info,0.46,"[0.33632132411003113, 315.506591796875, 36.70143127441406, 359.5362548828125]"
2025-09-03 21:26:44,person,Info,0.89,"[439.73126220703125, 140.4468994140625, 639.5938110351562, 358.2567443847656]"
2025-09-03 21:26:44,person,Info,0.33,"[0.07920192182064056, 315.7973327636719, 36.24625778198242, 359.05316162109375]"
2025-09-03 21:26:44,person,Info,0.33,"[297.9757995605469, 298.3700866699219, 343.11688232421875, 359.4538879394531]"
2025-09-03 21:26:44,person,Info,0.90,"[439.97509765625, 141.5218505859375, 639.5889892578125, 357.9521484375]"
2025-09-03 21:26:44,person,Info,0.40,"[0.3336656987667084, 315.8567199707031, 36.67671203613281, 359.6001281738281]"
2025-09-03 21:26:44,person,Info,0.91,"[441.2806396484375, 141.58421325683594, 639.5319213867188, 358.0812683105469]"
2025-09-03 21:26:44,person,Info,0.33,"[0.3340207636356354, 316.1393737792969, 36.53818893432617, 359.2913818359375]"
2025-09-03 21:26:45,person,Info,0.90,"[443.9241943359375, 140.37701416015625, 639.5264892578125, 357.5337219238281]"
2025-09-03 21:26:45,person,Info,0.31,"[0.3187619745731354, 316.0218200683594, 36.7039794921875, 359.3448791503906]"
2025-09-03 21:26:45,person,Info,0.89,"[446.9890441894531, 140.1201934814453, 639.4029541015625, 357.6427001953125]"
2025-09-03 21:26:45,person,Info,0.46,"[0.32365065813064575, 316.0740051269531, 36.31028366088867, 359.4139404296875]"
2025-09-03 21:26:45,person,Info,0.89,"[448.19134521484375, 139.1956024169922, 639.3861694335938, 357.20745849609375]"
2025-09-03 21:26:45,person,Info,0.45,"[0.30668699741363525, 316.6629333496094, 36.49542236328125, 359.5851135253906]"
2025-09-03 21:26:45,person,Info,0.90,"[451.3826904296875, 139.12631225585938, 639.4448852539062, 356.9744873046875]"
2025-09-03 21:26:45,person,Info,0.41,"[0.23814275860786438, 316.3295593261719, 36.56791305541992, 359.0213317871094]"
2025-09-03 21:26:45,person,Info,0.90,"[454.3822326660156, 138.50375366210938, 639.449951171875, 356.9718322753906]"
2025-09-03 21:26:45,person,Info,0.47,"[0.316822350025177, 316.5032043457031, 36.30116653442383, 359.5284729003906]"
2025-09-03 21:26:45,person,Info,0.88,"[458.34088134765625, 139.2071990966797, 639.4947509765625, 357.06103515625]"
2025-09-03 21:26:45,person,Info,0.44,"[0.2610544264316559, 316.84124755859375, 35.92229080200195, 359.07171630859375]"
2025-09-03 21:26:45,person,Info,0.87,"[461.0851135253906, 140.47439575195312, 639.495849609375, 357.1404113769531]"
2025-09-03 21:26:45,person,Info,0.48,"[0.315346360206604, 316.7664794921875, 36.71031951904297, 359.39422607421875]"
2025-09-03 21:26:46,person,Info,0.86,"[463.6701965332031, 138.47975158691406, 639.5585327148438, 357.6495056152344]"
2025-09-03 21:26:46,person,Info,0.49,"[0.3213823735713959, 316.9988098144531, 36.52669143676758, 359.40625]"
2025-09-03 21:26:46,person,Info,0.74,"[464.1833801269531, 146.09971618652344, 639.68310546875, 356.278076171875]"
2025-09-03 21:26:46,person,Info,0.45,"[0.06797204166650772, 317.17022705078125, 35.91804122924805, 359.14642333984375]"
2025-09-03 21:26:46,person,Info,0.69,"[464.7662048339844, 151.21754455566406, 639.4638671875, 357.11187744140625]"
2025-09-03 21:26:46,person,Info,0.51,"[0.2285531908273697, 316.6998291015625, 36.04277420043945, 359.1540222167969]"
2025-09-03 21:26:46,person,Info,0.80,"[463.8305969238281, 143.20240783691406, 639.6006469726562, 357.23828125]"
2025-09-03 21:26:46,person,Info,0.36,"[0.32892081141471863, 316.7400817871094, 36.271568298339844, 359.6960144042969]"
2025-09-03 21:26:46,person,Info,0.69,"[463.6161193847656, 140.16818237304688, 639.5387573242188, 356.3730163574219]"
2025-09-03 21:26:46,person,Info,0.64,"[464.30126953125, 151.41241455078125, 639.5869140625, 357.3753662109375]"
2025-09-03 21:26:46,person,Info,0.82,"[463.7203369140625, 141.87937927246094, 639.586669921875, 357.0176086425781]"
2025-09-03 21:26:46,person,Info,0.37,"[0.21381965279579163, 316.9892272949219, 36.371726989746094, 359.0267028808594]"
2025-09-03 21:26:47,person,Info,0.82,"[463.8461608886719, 140.825439453125, 639.5680541992188, 356.9482116699219]"
2025-09-03 21:26:47,person,Info,0.44,"[0.3123415410518646, 316.87469482421875, 36.386531829833984, 359.41009521484375]"
2025-09-03 21:26:47,person,Info,0.82,"[463.3831481933594, 142.15896606445312, 639.4513549804688, 356.9951171875]"
2025-09-03 21:26:47,person,Info,0.30,"[0.28173595666885376, 316.1087951660156, 36.3016357421875, 359.434814453125]"
2025-09-03 21:26:47,person,Info,0.78,"[456.9022521972656, 142.17041015625, 639.6642456054688, 356.0607604980469]"
2025-09-03 21:26:47,person,Info,0.33,"[0.3358254134654999, 316.26611328125, 35.8536376953125, 359.5635986328125]"
2025-09-03 21:26:47,person,Info,0.87,"[452.101318359375, 146.90623474121094, 639.4212036132812, 355.69805908203125]"
2025-09-03 21:26:47,person,Caution,0.86,"[412.8619079589844, 165.34022521972656, 639.3290405273438, 356.81011962890625]"
2025-09-03 21:26:47,person,Caution,0.72,"[364.3388366699219, 179.9069366455078, 570.9417724609375, 358.1835021972656]"
2025-09-03 21:26:48,person,Caution,0.73,"[302.844482421875, 209.75596618652344, 484.7333984375, 356.4561767578125]"
2025-09-03 21:26:48,person,Caution,0.71,"[310.5080261230469, 247.6107635498047, 439.52947998046875, 359.6705322265625]"
2025-09-03 21:26:48,toothbrush,Info,0.30,"[329.28631591796875, 1.51702880859375, 551.3545532226562, 353.9705505371094]"
2025-09-03 21:26:48,person,Caution,0.50,"[249.75051879882812, 227.2964324951172, 372.73895263671875, 358.33843994140625]"
2025-09-03 21:26:48,person,Caution,0.36,"[250.02818298339844, 0.6303523182868958, 482.6010437011719, 357.1193542480469]"
2025-09-03 21:26:48,person,Caution,0.77,"[170.9927215576172, 190.39566040039062, 397.3328857421875, 357.94232177734375]"
2025-09-03 21:26:48,person,Caution,0.91,"[141.3946075439453, 149.0414276123047, 411.109619140625, 357.0733337402344]"
2025-09-03 21:26:48,vase,Info,0.68,"[391.6543273925781, 279.5719299316406, 456.6002502441406, 359.82696533203125]"
2025-09-03 21:26:48,potted plant,Info,0.34,"[315.4738464355469, 0.0, 457.8531799316406, 353.4051818847656]"
2025-09-03 21:26:48,wine glass,Info,0.27,"[392.552734375, 279.99017333984375, 456.69317626953125, 358.7052917480469]"
2025-09-03 21:26:49,person,Caution,0.91,"[129.99864196777344, 135.9047393798828, 417.4300537109375, 356.9737854003906]"
2025-09-03 21:26:49,vase,Info,0.59,"[393.5050048828125, 269.4096374511719, 457.8383483886719, 360.0]"
2025-09-03 21:26:49,person,Caution,0.90,"[133.24594116210938, 137.5863037109375, 427.63214111328125, 358.134033203125]"
2025-09-03 21:26:49,potted plant,Info,0.33,"[319.8728332519531, 0.0, 462.2973937988281, 351.6318664550781]"
2025-09-03 21:26:49,vase,Info,0.27,"[395.79046630859375, 267.3786926269531, 458.898193359375, 354.8516845703125]"
2025-09-03 21:26:49,vase,Info,0.25,"[395.84112548828125, 269.20135498046875, 459.1904602050781, 359.0486755371094]"
2025-09-03 21:26:49,person,Caution,0.91,"[137.5518341064453, 137.6247100830078, 422.1693115234375, 357.89459228515625]"
2025-09-03 21:26:49,vase,Info,0.42,"[397.3861083984375, 268.1241455078125, 462.0439453125, 356.6802978515625]"
2025-09-03 21:26:49,potted plant,Info,0.38,"[320.92901611328125, 0.0, 464.838134765625, 352.73358154296875]"
2025-09-03 21:26:49,person,Caution,0.91,"[138.03903198242188, 138.66506958007812, 422.3155517578125, 357.510986328125]"
2025-09-03 21:26:49,potted plant,Info,0.49,"[321.6661376953125, 0.0, 463.5135803222656, 352.51690673828125]"
2025-09-03 21:26:49,person,Caution,0.90,"[138.6651611328125, 141.18980407714844, 424.0394287109375, 357.69964599609375]"
2025-09-03 21:26:49,vase,Info,0.40,"[397.978515625, 268.28839111328125, 461.7193298339844, 352.8730773925781]"
2025-09-03 21:26:49,potted plant,Info,0.36,"[320.98004150390625, 0.0, 464.30224609375, 351.5528869628906]"
2025-09-03 21:26:49,person,Caution,0.91,"[130.71128845214844, 136.9940948486328, 417.0693054199219, 357.45025634765625]"
2025-09-03 21:26:49,potted plant,Info,0.46,"[322.4200439453125, 0.0, 464.0262145996094, 353.32012939453125]"
2025-09-03 21:26:50,vase,Info,0.44,"[396.8944396972656, 267.6988525390625, 461.5282287597656, 360.0]"
2025-09-03 21:26:50,vase,Info,0.43,"[395.38275146484375, 267.8896484375, 461.3782958984375, 360.0]"
2025-09-03 21:26:50,vase,Info,0.39,"[394.50177001953125, 266.4510192871094, 461.7891845703125, 359.2340393066406]"
2025-09-03 21:26:50,vase,Info,0.38,"[396.2924499511719, 267.5434265136719, 461.25152587890625, 359.8122253417969]"
2025-09-03 21:26:50,vase,Info,0.34,"[395.9024963378906, 268.0184326171875, 461.5218505859375, 359.0059814453125]"
2025-09-03 21:26:50,vase,Info,0.28,"[395.65045166015625, 266.5281066894531, 461.4765930175781, 357.842529296875]"
2025-09-03 21:26:50,person,Caution,0.91,"[129.0410919189453, 134.88577270507812, 420.1900634765625, 357.0213928222656]"
2025-09-03 21:26:50,potted plant,Info,0.54,"[321.33551025390625, 0.0, 463.8844299316406, 352.78729248046875]"
2025-09-03 21:26:50,vase,Info,0.47,"[399.02099609375, 264.74127197265625, 460.61676025390625, 359.38690185546875]"
2025-09-03 21:26:50,person,Caution,0.91,"[128.5808868408203, 134.22763061523438, 419.3968811035156, 357.06732177734375]"
2025-09-03 21:26:50,vase,Info,0.51,"[398.39666748046875, 265.9942626953125, 459.8641357421875, 360.0]"
2025-09-03 21:26:50,potted plant,Info,0.46,"[321.6175231933594, 0.0, 463.1967468261719, 353.92120361328125]"
2025-09-03 21:26:50,person,Caution,0.90,"[127.63874053955078, 130.9246826171875, 422.67523193359375, 358.06396484375]"
2025-09-03 21:26:50,potted plant,Info,0.41,"[320.8221130371094, 0.0, 463.9629821777344, 353.0255126953125]"
2025-09-03 21:26:50,person,Caution,0.91,"[127.39408874511719, 130.89488220214844, 419.35894775390625, 358.22857666015625]"
2025-09-03 21:26:50,vase,Info,0.52,"[394.6258239746094, 263.8033447265625, 461.07470703125, 359.46533203125]"
2025-09-03 21:26:50,potted plant,Info,0.47,"[321.83453369140625, 0.0, 463.8678283691406, 353.13482666015625]"
2025-09-03 21:26:51,person,Caution,0.91,"[128.91616821289062, 131.4644317626953, 418.65118408203125, 358.3812255859375]"
2025-09-03 21:26:51,potted plant,Info,0.38,"[322.13421630859375, 0.0, 464.6726379394531, 352.6912841796875]"
2025-09-03 21:26:51,vase,Info,0.33,"[395.3714904785156, 264.20904541015625, 462.1221618652344, 349.7592468261719]"
2025-09-03 21:26:51,vase,Info,0.29,"[394.918212890625, 264.30316162109375, 461.6893615722656, 352.7217712402344]"
2025-09-03 21:26:51,vase,Info,0.27,"[395.98907470703125, 263.5439147949219, 460.7884826660156, 359.1239013671875]"
2025-09-03 21:26:51,vase,Info,0.27,"[396.393310546875, 262.9640197753906, 461.42486572265625, 352.76397705078125]"
2025-09-03 21:26:51,person,Caution,0.91,"[127.44342803955078, 129.9268035888672, 420.0954284667969, 357.5304870605469]"
2025-09-03 21:26:51,potted plant,Info,0.53,"[321.69677734375, 0.0, 464.8239440917969, 353.5613098144531]"
2025-09-03 21:26:51,vase,Info,0.31,"[393.91143798828125, 264.75811767578125, 462.0018615722656, 350.4886779785156]"
2025-09-03 21:26:51,person,Caution,0.92,"[127.1347885131836, 130.4467315673828, 418.9098815917969, 358.2018127441406]"
2025-09-03 21:26:51,potted plant,Info,0.41,"[321.3675231933594, 0.0, 464.1060791015625, 352.9601135253906]"
2025-09-03 21:26:51,vase,Info,0.30,"[394.3001403808594, 264.2174987792969, 461.35223388671875, 357.3794860839844]"
2025-09-03 21:26:51,vase,Info,0.28,"[394.8702392578125, 264.1185607910156, 461.53021240234375, 351.10626220703125]"
2025-09-03 21:26:51,vase,Info,0.25,"[396.53076171875, 262.63763427734375, 461.1091613769531, 356.92059326171875]"
2025-09-03 21:26:51,person,Caution,0.91,"[127.86964416503906, 130.6367950439453, 418.3349914550781, 358.064208984375]"
2025-09-03 21:26:51,vase,Info,0.46,"[395.0323181152344, 263.10205078125, 460.8021240234375, 359.6689147949219]"
2025-09-03 21:26:51,potted plant,Info,0.44,"[321.3844299316406, 0.0, 464.2228088378906, 353.43865966796875]"
2025-09-03 21:26:51,person,Caution,0.91,"[125.9758071899414, 129.28578186035156, 419.58843994140625, 357.55078125]"
2025-09-03 21:26:51,potted plant,Info,0.43,"[321.4743957519531, 0.0, 465.3175354003906, 353.41412353515625]"
2025-09-03 21:26:51,vase,Info,0.33,"[396.0692443847656, 263.17791748046875, 462.2473449707031, 352.2914123535156]"
